<?xml version="1.0" encoding="UTF-8" standalone="yes"?>
<addon id="plugin.video.debilizatortv"
       name="Debilizator TV"
       version="1.0.0"
       provider-name="Igor">
    <requires>
        <import addon="xbmc.python" version="2.1.0"/>
    </requires>
    <extension point="xbmc.python.pluginsource"
               library="default.py">
        <provides>video</provides>
    </extension>
    <extension point="xbmc.addon.metadata">
        <platform>all</platform>
        <license>GPL 2.0</license>
        <summary lang="en">Watch IPTV from a blog</summary>
        <description lang="en">Watch IPTV from Debilizator TV</description>
    </extension>
</addon>
